[
    {
        "name": "guzzlehttp/guzzle",
        "version": "7.3.0",
        "version_normalized": "7.3.0.0",
        "source": {
            "type": "git",
            "url": "https://github.com/guzzle/guzzle.git",
            "reference": "7008573787b430c1c1f650e3722d9bba59967628"
        },
        "dist": {
            "type": "zip",
            "url": "https://api.github.com/repos/guzzle/guzzle/zipball/7008573787b430c1c1f650e3722d9bba59967628",
            "reference": "7008573787b430c1c1f650e3722d9bba59967628",
            "shasum": ""
        },
        "require": {
            "ext-json": "*",
            "guzzlehttp/promises": "^1.4",
            "guzzlehttp/psr7": "^1.7 || ^2.0",
            "php": "^7.2.5 || ^8.0",
            "psr/http-client": "^1.0"
        },
        "provide": {
            "psr/http-client-implementation": "1.0"
        },
        "require-dev": {
            "bamarni/composer-bin-plugin": "^1.4.1",
            "ext-curl": "*",
            "php-http/client-integration-tests": "^3.0",
            "phpunit/phpunit": "^8.5.5 || ^9.3.5",
            "psr/log": "^1.1"
        },
        "suggest": {
            "ext-curl": "Required for CURL handler support",
            "ext-intl": "Required for Internationalized Domain Name (IDN) support",
            "psr/log": "Required for using the Log middleware"
        },
        "time": "2021-03-23T11:33:13+00:00",
        "type": "library",
        "extra": {
            "branch-alias": {
                "dev-master": "7.3-dev"
            }
        },
        "installation-source": "dist",
        "autoload": {
            "psr-4": {
                "GuzzleHttp\\": "src/"
            },
            "files": [
                "src/functions_include.php"
            ]
        },
        "notification-url": "https://packagist.org/downloads/",
        "license": [
            "MIT"
        ],
        "authors": [
            {
                "name": "Michael Dowling",
                "email": "mtdowling@gmail.com",
                "homepage": "https://github.com/mtdowling"
            },
            {
                "name": "Márk Sági-Kazár",
                "email": "mark.sagikazar@gmail.com",
                "homepage": "https://sagikazarmark.hu"
            }
        ],
        "description": "Guzzle is a PHP HTTP client library",
        "homepage": "http://guzzlephp.org/",
        "keywords": [
            "client",
            "curl",
            "framework",
            "http",
            "http client",
            "psr-18",
            "psr-7",
            "rest",
            "web service"
        ]
    },
    {
        "name": "guzzlehttp/promises",
        "version": "1.4.1",
        "version_normalized": "1.4.1.0",
        "source": {
            "type": "git",
            "url": "https://github.com/guzzle/promises.git",
            "reference": "8e7d04f1f6450fef59366c399cfad4b9383aa30d"
        },
        "dist": {
            "type": "zip",
            "url": "https://api.github.com/repos/guzzle/promises/zipball/8e7d04f1f6450fef59366c399cfad4b9383aa30d",
            "reference": "8e7d04f1f6450fef59366c399cfad4b9383aa30d",
            "shasum": ""
        },
        "require": {
            "php": ">=5.5"
        },
        "require-dev": {
            "symfony/phpunit-bridge": "^4.4 || ^5.1"
        },
        "time": "2021-03-07T09:25:29+00:00",
        "type": "library",
        "extra": {
            "branch-alias": {
                "dev-master": "1.4-dev"
            }
        },
        "installation-source": "dist",
        "autoload": {
            "psr-4": {
                "GuzzleHttp\\Promise\\": "src/"
            },
            "files": [
                "src/functions_include.php"
            ]
        },
        "notification-url": "https://packagist.org/downloads/",
        "license": [
            "MIT"
        ],
        "authors": [
            {
                "name": "Michael Dowling",
                "email": "mtdowling@gmail.com",
                "homepage": "https://github.com/mtdowling"
            }
        ],
        "description": "Guzzle promises library",
        "keywords": [
            "promise"
        ]
    },
    {
        "name": "guzzlehttp/psr7",
        "version": "2.0.0",
        "version_normalized": "2.0.0.0",
        "source": {
            "type": "git",
            "url": "https://github.com/guzzle/psr7.git",
            "reference": "1dc8d9cba3897165e16d12bb13d813afb1eb3fe7"
        },
        "dist": {
            "type": "zip",
            "url": "https://api.github.com/repos/guzzle/psr7/zipball/1dc8d9cba3897165e16d12bb13d813afb1eb3fe7",
            "reference": "1dc8d9cba3897165e16d12bb13d813afb1eb3fe7",
            "shasum": ""
        },
        "require": {
            "php": "^7.2.5 || ^8.0",
            "psr/http-factory": "^1.0",
            "psr/http-message": "^1.0",
            "ralouphie/getallheaders": "^3.0"
        },
        "provide": {
            "psr/http-factory-implementation": "1.0",
            "psr/http-message-implementation": "1.0"
        },
        "require-dev": {
            "bamarni/composer-bin-plugin": "^1.4.1",
            "http-interop/http-factory-tests": "^0.9",
            "phpunit/phpunit": "^8.5.8 || ^9.3.10"
        },
        "suggest": {
            "laminas/laminas-httphandlerrunner": "Emit PSR-7 responses"
        },
        "time": "2021-06-30T20:03:07+00:00",
        "type": "library",
        "extra": {
            "branch-alias": {
                "dev-master": "2.0-dev"
            }
        },
        "installation-source": "dist",
        "autoload": {
            "psr-4": {
                "GuzzleHttp\\Psr7\\": "src/"
            }
        },
        "notification-url": "https://packagist.org/downloads/",
        "license": [
            "MIT"
        ],
        "authors": [
            {
                "name": "Michael Dowling",
                "email": "mtdowling@gmail.com",
                "homepage": "https://github.com/mtdowling"
            },
            {
                "name": "Tobias Schultze",
                "homepage": "https://github.com/Tobion"
            },
            {
                "name": "Márk Sági-Kazár",
                "email": "mark.sagikazar@gmail.com",
                "homepage": "https://sagikazarmark.hu"
            }
        ],
        "description": "PSR-7 message implementation that also provides common utility methods",
        "keywords": [
            "http",
            "message",
            "psr-7",
            "request",
            "response",
            "stream",
            "uri",
            "url"
        ]
    },
    {
        "name": "infinityfree/mofh-client",
        "version": "0.7.0",
        "version_normalized": "0.7.0.0",
        "source": {
            "type": "git",
            "url": "https://github.com/InfinityFreeHosting/mofh-client.git",
            "reference": "94a8081dbc1461ad7fa32c8301ae467fbd2c64b3"
        },
        "dist": {
            "type": "zip",
            "url": "https://api.github.com/repos/InfinityFreeHosting/mofh-client/zipball/94a8081dbc1461ad7fa32c8301ae467fbd2c64b3",
            "reference": "94a8081dbc1461ad7fa32c8301ae467fbd2c64b3",
            "shasum": ""
        },
        "require": {
            "guzzlehttp/guzzle": "~6.0|~7.0"
        },
        "require-dev": {
            "fzaninotto/faker": "^1.7",
            "mockery/mockery": "^1.3",
            "phpunit/phpunit": "^7.0|^8.0|^9.0"
        },
        "time": "2020-09-12T15:50:56+00:00",
        "type": "library",
        "installation-source": "dist",
        "autoload": {
            "psr-4": {
                "InfinityFree\\MofhClient\\": "src/",
                "InfinityFree\\MofhClient\\Tests\\": "tests/"
            }
        },
        "notification-url": "https://packagist.org/downloads/",
        "license": [
            "Apache-2.0"
        ],
        "authors": [
            {
                "name": "Hans Adema",
                "email": "hans@infinityfree.net"
            }
        ],
        "description": "A WHM API client for MyOwnFreeHost in PHP"
    },
    {
        "name": "psr/http-client",
        "version": "1.0.1",
        "version_normalized": "1.0.1.0",
        "source": {
            "type": "git",
            "url": "https://github.com/php-fig/http-client.git",
            "reference": "2dfb5f6c5eff0e91e20e913f8c5452ed95b86621"
        },
        "dist": {
            "type": "zip",
            "url": "https://api.github.com/repos/php-fig/http-client/zipball/2dfb5f6c5eff0e91e20e913f8c5452ed95b86621",
            "reference": "2dfb5f6c5eff0e91e20e913f8c5452ed95b86621",
            "shasum": ""
        },
        "require": {
            "php": "^7.0 || ^8.0",
            "psr/http-message": "^1.0"
        },
        "time": "2020-06-29T06:28:15+00:00",
        "type": "library",
        "extra": {
            "branch-alias": {
                "dev-master": "1.0.x-dev"
            }
        },
        "installation-source": "dist",
        "autoload": {
            "psr-4": {
                "Psr\\Http\\Client\\": "src/"
            }
        },
        "notification-url": "https://packagist.org/downloads/",
        "license": [
            "MIT"
        ],
        "authors": [
            {
                "name": "PHP-FIG",
                "homepage": "http://www.php-fig.org/"
            }
        ],
        "description": "Common interface for HTTP clients",
        "homepage": "https://github.com/php-fig/http-client",
        "keywords": [
            "http",
            "http-client",
            "psr",
            "psr-18"
        ]
    },
    {
        "name": "psr/http-factory",
        "version": "1.0.1",
        "version_normalized": "1.0.1.0",
        "source": {
            "type": "git",
            "url": "https://github.com/php-fig/http-factory.git",
            "reference": "12ac7fcd07e5b077433f5f2bee95b3a771bf61be"
        },
        "dist": {
            "type": "zip",
            "url": "https://api.github.com/repos/php-fig/http-factory/zipball/12ac7fcd07e5b077433f5f2bee95b3a771bf61be",
            "reference": "12ac7fcd07e5b077433f5f2bee95b3a771bf61be",
            "shasum": ""
        },
        "require": {
            "php": ">=7.0.0",
            "psr/http-message": "^1.0"
        },
        "time": "2019-04-30T12:38:16+00:00",
        "type": "library",
        "extra": {
            "branch-alias": {
                "dev-master": "1.0.x-dev"
            }
        },
        "installation-source": "dist",
        "autoload": {
            "psr-4": {
                "Psr\\Http\\Message\\": "src/"
            }
        },
        "notification-url": "https://packagist.org/downloads/",
        "license": [
            "MIT"
        ],
        "authors": [
            {
                "name": "PHP-FIG",
                "homepage": "http://www.php-fig.org/"
            }
        ],
        "description": "Common interfaces for PSR-7 HTTP message factories",
        "keywords": [
            "factory",
            "http",
            "message",
            "psr",
            "psr-17",
            "psr-7",
            "request",
            "response"
        ]
    },
    {
        "name": "psr/http-message",
        "version": "1.0.1",
        "version_normalized": "1.0.1.0",
        "source": {
            "type": "git",
            "url": "https://github.com/php-fig/http-message.git",
            "reference": "f6561bf28d520154e4b0ec72be95418abe6d9363"
        },
        "dist": {
            "type": "zip",
            "url": "https://api.github.com/repos/php-fig/http-message/zipball/f6561bf28d520154e4b0ec72be95418abe6d9363",
            "reference": "f6561bf28d520154e4b0ec72be95418abe6d9363",
            "shasum": ""
        },
        "require": {
            "php": ">=5.3.0"
        },
        "time": "2016-08-06T14:39:51+00:00",
        "type": "library",
        "extra": {
            "branch-alias": {
                "dev-master": "1.0.x-dev"
            }
        },
        "installation-source": "dist",
        "autoload": {
            "psr-4": {
                "Psr\\Http\\Message\\": "src/"
            }
        },
        "notification-url": "https://packagist.org/downloads/",
        "license": [
            "MIT"
        ],
        "authors": [
            {
                "name": "PHP-FIG",
                "homepage": "http://www.php-fig.org/"
            }
        ],
        "description": "Common interface for HTTP messages",
        "homepage": "https://github.com/php-fig/http-message",
        "keywords": [
            "http",
            "http-message",
            "psr",
            "psr-7",
            "request",
            "response"
        ]
    },
    {
        "name": "ralouphie/getallheaders",
        "version": "3.0.3",
        "version_normalized": "3.0.3.0",
        "source": {
            "type": "git",
            "url": "https://github.com/ralouphie/getallheaders.git",
            "reference": "120b605dfeb996808c31b6477290a714d356e822"
        },
        "dist": {
            "type": "zip",
            "url": "https://api.github.com/repos/ralouphie/getallheaders/zipball/120b605dfeb996808c31b6477290a714d356e822",
            "reference": "120b605dfeb996808c31b6477290a714d356e822",
            "shasum": ""
        },
        "require": {
            "php": ">=5.6"
        },
        "require-dev": {
            "php-coveralls/php-coveralls": "^2.1",
            "phpunit/phpunit": "^5 || ^6.5"
        },
        "time": "2019-03-08T08:55:37+00:00",
        "type": "library",
        "installation-source": "dist",
        "autoload": {
            "files": [
                "src/getallheaders.php"
            ]
        },
        "notification-url": "https://packagist.org/downloads/",
        "license": [
            "MIT"
        ],
        "authors": [
            {
                "name": "Ralph Khattar",
                "email": "ralph.khattar@gmail.com"
            }
        ],
        "description": "A polyfill for getallheaders."
    }
]
